{
    "2026-01": 41.498265159524,
    "2026-02": 90.4981906155973,
    "2026-03": 55.39342251497656,
    "2025-04": 55.44831395191239,
    "2025-05": 49.8309208207964,
    "2025-06": 58.37365482095904,
    "2025-07": 70.75099617792958,
    "2025-08": 85.83614567238622,
    "2025-09": 100.0,
    "2025-10": 70.69390230679569,
    "2025-11": 52.14703450706134,
    "2025-12": 41.63193597354368
}