{
    "2026-01": 65.07832197843463,
    "2026-02": 78.55533501421597,
    "2026-03": 67.17719006491069,
    "2025-04": 46.965693900541815,
    "2025-05": 71.89796684727214,
    "2025-06": 80.22370044525509,
    "2025-07": 87.04736870339575,
    "2025-08": 100.0,
    "2025-09": 86.68593423099618,
    "2025-10": 81.87329005954616,
    "2025-11": 59.72184968617563,
    "2025-12": 57.674615095756664
}