{
    "2026-01": 13.763848942289691,
    "2026-02": 16.614192435768704,
    "2026-03": 14.207752571237314,
    "2025-04": 9.933088264492815,
    "2025-05": 15.206181180755287,
    "2025-06": 16.96704618299608,
    "2025-07": 18.410229354935698,
    "2025-08": 21.14966785230064,
    "2025-09": 18.333787164519478,
    "2025-10": 100.0,
    "2025-11": 17.31592890734469,
    "2025-12": 12.630972843876398
}